Neighborhood,Neighborhood Latitude,Neighborhood Longitude,Venue,Venue Latitude,Venue Longitude,Venue Category
"University Park , Dallas, TX",32.846265,-96.790745,Bandito's Tex Mex Cantina,32.84709291013927,-96.7880432615377,Mexican Restaurant
"University Park , Dallas, TX",32.846265,-96.790745,Kuby's Sausage House,32.84692846951237,-96.7880362178473,German Restaurant
"University Park , Dallas, TX",32.846265,-96.790745,Bubba's Cooks Country,32.84738082260146,-96.78702102956603,Fried Chicken Joint
"University Park , Dallas, TX",32.846265,-96.790745,Nekter Juice Bar,32.847968,-96.787629,Juice Bar
"University Park , Dallas, TX",32.846265,-96.790745,Half Shells Oyster Bar & Grill,32.8471499377802,-96.78801709251763,Seafood Restaurant
"University Park , Dallas, TX",32.846265,-96.790745,Snider Plaza,32.84857302719574,-96.78773977278733,Shopping Mall
"University Park , Dallas, TX",32.846265,-96.790745,Crème de la Cookie,32.84778602936899,-96.78768910777858,Bakery
"University Park , Dallas, TX",32.846265,-96.790745,Penne Pomodoro,32.84877,-96.78828,Italian Restaurant
"University Park , Dallas, TX",32.846265,-96.790745,East Hampton Sandwich Co.,32.84973911127795,-96.78772696829023,New American Restaurant
"University Park , Dallas, TX",32.846265,-96.790745,BEYOND Pedaling,32.84877066682317,-96.78774746900332,Gym / Fitness Center
"University Park , Dallas, TX",32.846265,-96.790745,Dive Coastal Cuisine,32.84945904540532,-96.78745598408257,Seafood Restaurant
"University Park , Dallas, TX",32.846265,-96.790745,JD's Chippery,32.84673224727058,-96.78716934021216,Bakery
"University Park , Dallas, TX",32.846265,-96.790745,University Park Pool,32.85064313836115,-96.79086341535447,Pool
"University Park , Dallas, TX",32.846265,-96.790745,Jimmy John's,32.84430514132044,-96.78735188814507,Sandwich Place
"University Park , Dallas, TX",32.846265,-96.790745,Starbucks,32.84835398621029,-96.78705637143227,Coffee Shop
"University Park , Dallas, TX",32.846265,-96.790745,Burger House,32.84971721387863,-96.78712524287143,Burger Joint
"University Park , Dallas, TX",32.846265,-96.790745,Chick-fil-A,32.8447263,-96.7874872,Fast Food Restaurant
"University Park , Dallas, TX",32.846265,-96.790745,Lync Cycling,32.8487606381864,-96.78775895096491,Cycle Studio
"University Park , Dallas, TX",32.846265,-96.790745,Amore Italian Restaurant,32.8500635,-96.7881702,Italian Restaurant
"University Park , Dallas, TX",32.846265,-96.790745,Goar Park,32.84618588439415,-96.79752134264653,Field
"University Park , Dallas, TX",32.846265,-96.790745,McFarlin Auditorium,32.844180087249455,-96.78616036491316,College Auditorium
"University Park , Dallas, TX",32.846265,-96.790745,Olivella's,32.84402101637123,-96.7876715055572,Pizza Place
"University Park , Dallas, TX",32.846265,-96.790745,Digg's Taco Shop,32.84303197872834,-96.78730022193652,Taco Place
"University Park , Dallas, TX",32.846265,-96.790745,Supercuts,32.847736924845705,-96.7870212578364,Salon / Barbershop
"University Park , Dallas, TX",32.846265,-96.790745,Yumilicious Frozen Yogurt,32.84745080212455,-96.78811460967965,Frozen Yogurt Shop
"University Park , Dallas, TX",32.846265,-96.790745,Peggy Sue BBQ,32.84681264043279,-96.78752322261879,BBQ Joint
"University Park , Dallas, TX",32.846265,-96.790745,Curtis Park,32.85060557119166,-96.79195404052734,Playground
"University Park , Dallas, TX",32.846265,-96.790745,Zoës Kitchen,32.84858646800115,-96.78763156110818,Mediterranean Restaurant
"University Park , Dallas, TX",32.846265,-96.790745,Food From Galilee,32.847922032036585,-96.78762301532687,Mediterranean Restaurant
"University Park , Dallas, TX",32.846265,-96.790745,Williams Park,32.84502786790505,-96.79847342439398,Park
"University Park , Dallas, TX",32.846265,-96.790745,Osgood O'neil Salon,32.85013425793849,-96.78766712854605,Salon / Barbershop
"University Park , Dallas, TX",32.846265,-96.790745,Mustang Donuts,32.846911210100586,-96.78695810081506,Donut Shop
"University Park , Dallas, TX",32.846265,-96.790745,Chick-fil-A,32.843628,-96.783241,Fast Food Restaurant
"University Park , Dallas, TX",32.846265,-96.790745,CVS pharmacy,32.84918435238333,-96.78773057801854,Pharmacy
"University Park , Dallas, TX",32.846265,-96.790745,The Boulevard,32.8399153142439,-96.78504467010498,College Quad
"University Park , Dallas, TX",32.846265,-96.790745,I Heart Yogurt,32.843070512035084,-96.78725487759354,Ice Cream Shop
"University Park , Dallas, TX",32.846265,-96.790745,Tom Thumb,32.8503118,-96.7872321,Grocery Store
"University Park , Dallas, TX",32.846265,-96.790745,Front Room Tavern,32.841,-96.78746,Restaurant
"University Park , Dallas, TX",32.846265,-96.790745,New York Sub,32.84272547374357,-96.78762789599945,Sandwich Place
"University Park , Dallas, TX",32.846265,-96.790745,GameStop,32.84452471692629,-96.78733614574134,Video Game Store
"University Park , Dallas, TX",32.846265,-96.790745,Sushi Kyoto,32.84478996910851,-96.78726756404393,Sushi Restaurant
"University Park , Dallas, TX",32.846265,-96.790745,Pizza Hut,32.8442657,-96.7873887,Pizza Place
"University Park , Dallas, TX",32.846265,-96.790745,Chase Bank,32.84495864396383,-96.78754448890686,Bank
"University Park , Dallas, TX",32.846265,-96.790745,Culwell & Son,32.84350474,-96.78748837,Salon / Barbershop
"University Park , Dallas, TX",32.846265,-96.790745,Starbucks,32.84439794753593,-96.78374236443821,Coffee Shop
"University Park , Dallas, TX",32.846265,-96.790745,Einstein Bros Bagels,32.842286,-96.784039,Bagel Shop
"University Park , Dallas, TX",32.846265,-96.790745,FedEx Office Print & Ship Center,32.8444348,-96.7873786,Shipping Store
"University Park , Dallas, TX",32.846265,-96.790745,7-Eleven,32.8426957913176,-96.7874477059195,Convenience Store
"University Park , Dallas, TX",32.846265,-96.790745,The Lone Star Shipping Company,32.847237,-96.787053,Flea Market
"University Park , Dallas, TX",32.846265,-96.790745,Shell,32.85104863455353,-96.78828592002424,Gas Station
"University Park , Dallas, TX",32.846265,-96.790745,Indulgence Nails,32.84999442791843,-96.78769062059409,Spa
"University Park , Dallas, TX",32.846265,-96.790745,Prosperity Bank -  Park Cities (Prosperity Bank),32.85036464643332,-96.78823848404409,Bank
"University Park , Dallas, TX",32.846265,-96.790745,Below 40 Poke House,32.850075,-96.787115,Restaurant
"University Park , Dallas, TX",32.846265,-96.790745,Subway on Hillcrest,32.85010535244486,-96.78715920188105,Sandwich Place
"University Park , Dallas, TX",32.846265,-96.790745,SpeeDee Oil Change & Auto Service,32.85085286,-96.78761974,Automotive Shop
"University Park , Dallas, TX",32.846265,-96.790745,Curtis Park Baseball Diamond,32.85107268181662,-96.79380731101854,Baseball Field
"University Park , Dallas, TX",32.846265,-96.790745,Hitzelberger Fountain,32.85108224984464,-96.78695092640947,Garden
"University Park , Dallas, TX",32.846265,-96.790745,Garage Door Repairs Belt Line,32.850461360442424,-96.79673910140991,Construction & Landscaping
"University Park , Dallas, TX",32.846265,-96.790745,normandy suites,32.83833967612405,-96.79049878036747,Spa
"University Park , Dallas, TX",32.846265,-96.790745,DCC Golf Course,32.84138030380777,-96.79923719236756,Golf Course
"University Park , Dallas, TX",32.846265,-96.790745,Burleson Park,32.84588573952734,-96.78015091795467,Park
"University Park , Dallas, TX",32.846265,-96.790745,Lovers Lane & Airline Road,32.85115982406782,-96.7818767683509,Intersection
"Uptown , Dallas, TX",32.803657,-96.798105,Velvet Taco,32.80543730183315,-96.79869127968539,Tex-Mex Restaurant
"Uptown , Dallas, TX",32.803657,-96.798105,Bread Winners Café & Bakery,32.804497,-96.799473,Café
"Uptown , Dallas, TX",32.803657,-96.798105,Hopdoddy Burger Bar,32.8041655,-96.7996883,Burger Joint
"Uptown , Dallas, TX",32.803657,-96.798105,San Martin Bakery,32.802334,-96.799805,Bakery
"Uptown , Dallas, TX",32.803657,-96.798105,Katy Trail,32.80392651681581,-96.80132031440735,Trail
"Uptown , Dallas, TX",32.803657,-96.798105,Del Frisco's Grille,32.80401166937247,-96.79954068171524,American Restaurant
"Uptown , Dallas, TX",32.803657,-96.798105,Hook Line & Sinker,32.80595682210794,-96.7986846606405,Seafood Restaurant
"Uptown , Dallas, TX",32.803657,-96.798105,The Boardroom Salon for Men - Uptown,32.806649844827355,-96.79854250515768,Salon / Barbershop
"Uptown , Dallas, TX",32.803657,-96.798105,The Original Pancake House,32.80484940593583,-96.79691406620152,Breakfast Spot
"Uptown , Dallas, TX",32.803657,-96.798105,Blue Sushi Sake Grill,32.803211361745376,-96.80000467591113,Japanese Restaurant
"Uptown , Dallas, TX",32.803657,-96.798105,West Village,32.80729802982262,-96.79704424311412,Shopping Mall
"Uptown , Dallas, TX",32.803657,-96.798105,The Rustic,32.80502635116377,-96.79417032137196,American Restaurant
"Uptown , Dallas, TX",32.803657,-96.798105,Mutts Canine Cantina,32.80602250250253,-96.79513275302708,American Restaurant
"Uptown , Dallas, TX",32.803657,-96.798105,Starbucks,32.80031841830816,-96.80094047041878,Coffee Shop
"Uptown , Dallas, TX",32.803657,-96.798105,Grimaldi's Pizzeria,32.8071280150741,-96.7960888572454,Pizza Place
"Uptown , Dallas, TX",32.803657,-96.798105,Gloria's,32.80721588724693,-96.80000401851187,Latin American Restaurant
"Uptown , Dallas, TX",32.803657,-96.798105,Baboush,32.807401584614766,-96.79624599351021,Moroccan Restaurant
"Uptown , Dallas, TX",32.803657,-96.798105,The Magnolia,32.80792797126737,-96.79808324685898,Indie Movie Theater
"Uptown , Dallas, TX",32.803657,-96.798105,SoulCycle Uptown,32.80754642316633,-96.79747889297315,Cycle Studio
"Uptown , Dallas, TX",32.803657,-96.798105,Barry's Bootcamp,32.807080385560404,-96.79731556842039,Gym / Fitness Center
"Uptown , Dallas, TX",32.803657,-96.798105,Cork Wine Bar,32.807321576913154,-96.79625311980499,Wine Bar
"Uptown , Dallas, TX",32.803657,-96.798105,iFratelli Pizza,32.80059866944479,-96.80096222357723,Pizza Place
"Uptown , Dallas, TX",32.803657,-96.798105,Paciugo Gelato & Caffé,32.80796888460749,-96.79803873698535,Ice Cream Shop
"Uptown , Dallas, TX",32.803657,-96.798105,Canopy by Hilton,32.8068795,-96.7952538,Hotel
"Uptown , Dallas, TX",32.803657,-96.798105,pōk,32.807928089496976,-96.79802439525037,Sushi Restaurant
"Uptown , Dallas, TX",32.803657,-96.798105,Massage Envy - Uptown at West Village,32.807937,-96.798504,Spa
"Uptown , Dallas, TX",32.803657,-96.798105,Sushi Zushi,32.80739325442108,-96.79652598232904,Sushi Restaurant
"Uptown , Dallas, TX",32.803657,-96.798105,Mi Cocina,32.807729151711435,-96.79787270753643,Mexican Restaurant
"Uptown , Dallas, TX",32.803657,-96.798105,Public School 214,32.807596,-96.796218,Gastropub
"Uptown , Dallas, TX",32.803657,-96.798105,Howard Wang's Uptown Brasserie,32.806654858393934,-96.80054761657145,Asian Restaurant
"Uptown , Dallas, TX",32.803657,-96.798105,Malai Thai Vietnamese Kitchen & Bar,32.80876280389262,-96.79672229707585,Thai Restaurant
"Uptown , Dallas, TX",32.803657,-96.798105,Cru Wine Bar,32.807801993948935,-96.79808378660282,Wine Bar
"Uptown , Dallas, TX",32.803657,-96.798105,Suitsupply (Dallas Flagship Store),32.8081430050917,-96.79634185309479,Men's Store
"Uptown , Dallas, TX",32.803657,-96.798105,Avalon Salon and Spa,32.80919298959927,-96.79623331185628,Salon / Barbershop
"Uptown , Dallas, TX",32.803657,-96.798105,Salon Blanc,32.79932446279499,-96.80228174959322,Salon / Barbershop
"Uptown , Dallas, TX",32.803657,-96.798105,CVS pharmacy,32.80706750377956,-96.79806575558487,Pharmacy
"Uptown , Dallas, TX",32.803657,-96.798105,The Quarter Bar,32.80464766715962,-96.79938686792161,Bar
"Uptown , Dallas, TX",32.803657,-96.798105,Salata,32.808817,-96.79489,Salad Place
"Uptown , Dallas, TX",32.803657,-96.798105,The Standard Pour,32.79970662,-96.80066673,Cocktail Bar
"Uptown , Dallas, TX",32.803657,-96.798105,Taco Diner,32.80787248965967,-96.79791041847044,Taco Place
"Uptown , Dallas, TX",32.803657,-96.798105,Sablon Chocolate Lounge,32.808877785919854,-96.79596472859903,Dessert Shop
"Uptown , Dallas, TX",32.803657,-96.798105,Village Burger Bar,32.80909131013368,-96.79714196253425,New American Restaurant
"Uptown , Dallas, TX",32.803657,-96.798105,Optique,32.807582805864044,-96.79650668209278,Accessories Store
"Uptown , Dallas, TX",32.803657,-96.798105,Oak Lawn Park,32.80822283995447,-96.80383045216477,Park
"Uptown , Dallas, TX",32.803657,-96.798105,Trophy Fitness Uptown,32.799861339886036,-96.80189605057106,Business Service
"Uptown , Dallas, TX",32.803657,-96.798105,State & Allen Kitchen + Bar,32.797476484258475,-96.79812844225916,American Restaurant
"Uptown , Dallas, TX",32.803657,-96.798105,Parliament,32.79776514331032,-96.79856869261927,Cocktail Bar
"Uptown , Dallas, TX",32.803657,-96.798105,Eureka!,32.8083795,-96.7959303,American Restaurant
"Uptown , Dallas, TX",32.803657,-96.798105,The Ginger Man,32.79831785224169,-96.80297494766599,Beer Garden
"Uptown , Dallas, TX",32.803657,-96.798105,Bisous Bisous Pâtisserie,32.80804166345898,-96.79627481081171,Dessert Shop
"Uptown , Dallas, TX",32.803657,-96.798105,Theatre 3,32.799155534414076,-96.8032481890932,Theater
"Uptown , Dallas, TX",32.803657,-96.798105,Alcove Wine Bar,32.7974405547001,-96.79781313405601,Wine Bar
"Uptown , Dallas, TX",32.803657,-96.798105,Texas de Brazil - Dallas,32.801288171943,-96.80584695379513,Restaurant
"Uptown , Dallas, TX",32.803657,-96.798105,Bowen House,32.79789827028123,-96.80201236875851,Cocktail Bar
"Uptown , Dallas, TX",32.803657,-96.798105,Kendra Scott,32.808034,-96.797833,Jewelry Store
"Uptown , Dallas, TX",32.803657,-96.798105,Lure Salon,32.809597357721366,-96.79658696659378,Cosmetics Shop
"Uptown , Dallas, TX",32.803657,-96.798105,Starbucks,32.80835525,-96.79813364,Coffee Shop
"Uptown , Dallas, TX",32.803657,-96.798105,State Street Coffee,32.79752245523624,-96.79775825603122,Coffee Shop
"Uptown , Dallas, TX",32.803657,-96.798105,Beverly Hills Nail Spa,32.79766554592606,-96.80202154049533,Nail Salon
"Uptown , Dallas, TX",32.803657,-96.798105,Garden Nails Spa,32.798751808163814,-96.80171462401277,Nail Salon
"Uptown , Dallas, TX",32.803657,-96.798105,Chipotle Mexican Grill,32.79815887964381,-96.801636222801,Mexican Restaurant
"Uptown , Dallas, TX",32.803657,-96.798105,Rosewood Mansion on Turtle Creek,32.80426690775565,-96.80704088033923,Hotel
"Uptown , Dallas, TX",32.803657,-96.798105,J.Crew,32.807635,-96.795794,Clothing Store
"Uptown , Dallas, TX",32.803657,-96.798105,S & D Oyster Company,32.79780126876395,-96.80146921169668,Seafood Restaurant
"Uptown , Dallas, TX",32.803657,-96.798105,Turtle Creek Trail,32.809341976535535,-96.80307186181676,Trail
"Uptown , Dallas, TX",32.803657,-96.798105,Fogo de Chao Brazillian Steakhouse,32.79706385340871,-96.80180084991446,Brazilian Restaurant
"Uptown , Dallas, TX",32.803657,-96.798105,Yumilicious,32.809172427422745,-96.79530631400144,Dessert Shop
"Uptown , Dallas, TX",32.803657,-96.798105,The Mansion Bar,32.80428180389846,-96.80706159214422,Cocktail Bar
"Uptown , Dallas, TX",32.803657,-96.798105,Avanti Ristorante,32.798098,-96.800895,Italian Restaurant
"Uptown , Dallas, TX",32.803657,-96.798105,Si Tapas,32.795962892987056,-96.79673969733417,Tapas Restaurant
"Uptown , Dallas, TX",32.803657,-96.798105,Uptown Yoga,32.79542439993307,-96.79842509643464,Yoga Studio
"Uptown , Dallas, TX",32.803657,-96.798105,Crushcraft Thai Street Eats,32.7981,-96.80365,Thai Restaurant
"Uptown , Dallas, TX",32.803657,-96.798105,Whole Foods Market,32.7958041766768,-96.80160215524401,Grocery Store
"Uptown , Dallas, TX",32.803657,-96.798105,Katy Trail Ice House,32.80102573630131,-96.80750583200836,Beer Garden
"Uptown , Dallas, TX",32.803657,-96.798105,The Mansion Restaurant,32.804115786873375,-96.80682979452354,American Restaurant
"Uptown , Dallas, TX",32.803657,-96.798105,Jakes Burgers and Beer,32.79759252205057,-96.80126816952603,Burger Joint
"Uptown , Dallas, TX",32.803657,-96.798105,The Nodding Donkey,32.79666396957031,-96.7970897051289,Sports Bar
"Uptown , Dallas, TX",32.803657,-96.798105,Yutaka Sushi Bistro,32.797568344000595,-96.80180027446552,Sushi Restaurant
"Uptown , Dallas, TX",32.803657,-96.798105,SunstoneFIT - Uptown Plaza,32.7988307949283,-96.80477107706626,Gym / Fitness Center
"Uptown , Dallas, TX",32.803657,-96.798105,Pho Crimson Express,32.808826510713,-96.79561603559749,Asian Restaurant
"Uptown , Dallas, TX",32.803657,-96.798105,Starbucks,32.79776139571453,-96.7923102112873,Coffee Shop
"Uptown , Dallas, TX",32.803657,-96.798105,City Yoga,32.80830085098026,-96.78954251935271,Yoga Studio
"Uptown , Dallas, TX",32.803657,-96.798105,Shell Shack,32.800372299981106,-96.80058833305803,Seafood Restaurant
"Uptown , Dallas, TX",32.803657,-96.798105,LA Fitness,32.806406687906005,-96.79063166089962,Gym
"Uptown , Dallas, TX",32.803657,-96.798105,Griggs Park,32.796659481568135,-96.79448209815641,Park
"Uptown , Dallas, TX",32.803657,-96.798105,Two Corks and a Bottle,32.79905634542674,-96.80376812871886,Wine Bar
"Uptown , Dallas, TX",32.803657,-96.798105,Whataburger,32.80519163662852,-96.78912761315175,Fast Food Restaurant
"Uptown , Dallas, TX",32.803657,-96.798105,Kalita Humphreys Theater,32.8108297684371,-96.80071427816358,Theater
"Uptown , Dallas, TX",32.803657,-96.798105,Kroger,32.80643774742219,-96.78904287492236,Supermarket
"Uptown , Dallas, TX",32.803657,-96.798105,The Common Table,32.79827792107457,-96.80611626611854,Gastropub
"Uptown , Dallas, TX",32.803657,-96.798105,Asel Art Supply,32.800711079103245,-96.8059210137973,Arts & Crafts Store
"Uptown , Dallas, TX",32.803657,-96.798105,City Surf Fitness,32.80090493357952,-96.80134902122005,Gym
"Uptown , Dallas, TX",32.803657,-96.798105,Tate's,32.79854773805312,-96.80127580655736,Cocktail Bar
"Uptown , Dallas, TX",32.803657,-96.798105,The Dream Cafe,32.799523308734855,-96.80318288358178,Café
"Uptown , Dallas, TX",32.803657,-96.798105,Diesel Fitness,32.808612772815025,-96.80533719580828,Gym / Fitness Center
"Uptown , Dallas, TX",32.803657,-96.798105,Pera Wine Bistro,32.79755939468903,-96.80197846096651,Restaurant
"Uptown , Dallas, TX",32.803657,-96.798105,Shabby Sheep,32.79483256203961,-96.79734269022077,Arts & Crafts Store
"Uptown , Dallas, TX",32.803657,-96.798105,Urban Dogg,32.80433648930474,-96.7888484715784,Pet Service
"Uptown , Dallas, TX",32.803657,-96.798105,PetSmart,32.8032564,-96.7895665,Pet Store
"Uptown , Dallas, TX",32.803657,-96.798105,TNT (Tacos and Tequila),32.798903153252226,-96.80318642499672,Taco Place
"Lower Greenville , Dallas, TX",32.822716,-96.767043,Terilli's,32.823174519696195,-96.77017733586453,Italian Restaurant
"Lower Greenville , Dallas, TX",32.822716,-96.767043,Blue Goose Cantina,32.82368373267223,-96.7702763509584,Mexican Restaurant
"Lower Greenville , Dallas, TX",32.822716,-96.767043,St. Martin's Wine Bistro,32.82571444848121,-96.76996007405668,French Restaurant
"Lower Greenville , Dallas, TX",32.822716,-96.767043,Halcyon,32.82396151810078,-96.77005141506315,Café
"Lower Greenville , Dallas, TX",32.822716,-96.767043,Quesa-D-Ya's,32.823741049999995,-96.7700193,Mexican Restaurant
"Lower Greenville , Dallas, TX",32.822716,-96.767043,The Grape,32.823484290030535,-96.77021813335092,American Restaurant
"Lower Greenville , Dallas, TX",32.822716,-96.767043,Tietze Park,32.822971225242505,-96.76087681450585,Park
"Lower Greenville , Dallas, TX",32.822716,-96.767043,Dubliner,32.82369684819979,-96.77021477645368,Pub
"Lower Greenville , Dallas, TX",32.822716,-96.767043,Botolino Gelato,32.81539116084499,-96.76998209510651,Dessert Shop
"Lower Greenville , Dallas, TX",32.822716,-96.767043,Stan’s Blue Note,32.824221134611065,-96.77000763067159,Sports Bar
"Lower Greenville , Dallas, TX",32.822716,-96.767043,Trader Joe's,32.814791361649974,-96.77048598872065,Grocery Store
"Lower Greenville , Dallas, TX",32.822716,-96.767043,Unrefined Bakery,32.829644,-96.76991,Bakery
"Lower Greenville , Dallas, TX",32.822716,-96.767043,Granada Theater,32.83086189364547,-96.76986021672779,Music Venue
"Lower Greenville , Dallas, TX",32.822716,-96.767043,Steel City Pops,32.81440999001185,-96.77007806692411,Dessert Shop
"Lower Greenville , Dallas, TX",32.822716,-96.767043,The Blue Fish,32.830526007711846,-96.77014430868076,Sushi Restaurant
"Lower Greenville , Dallas, TX",32.822716,-96.767043,Libertine Bar,32.81549965329603,-96.77026472364417,Bar
"Lower Greenville , Dallas, TX",32.822716,-96.767043,Sundown at Granada,32.83070328942599,-96.77004729930694,Beer Garden
"Lower Greenville , Dallas, TX",32.822716,-96.767043,Chichen Itza,32.81588376166358,-96.76973550514964,Mexican Restaurant
"Lower Greenville , Dallas, TX",32.822716,-96.767043,Village Baking Co. Boulangerie,32.81419265285572,-96.77031891212006,Bakery
"Lower Greenville , Dallas, TX",32.822716,-96.767043,Corner Market,32.82984511062066,-96.7699988106363,Deli / Bodega
"Lower Greenville , Dallas, TX",32.822716,-96.767043,Greenville Avenue Pizza Company,32.81426609458648,-96.7704753417292,Pizza Place
"Lower Greenville , Dallas, TX",32.822716,-96.767043,La La Land Kind Cafe,32.815218,-96.77112,Coffee Shop
"Lower Greenville , Dallas, TX",32.822716,-96.767043,Rapscallion,32.81526053313689,-96.77029307297634,American Restaurant
"Lower Greenville , Dallas, TX",32.822716,-96.767043,Single Wide,32.81517785140956,-96.77004480643323,Bar
"Lower Greenville , Dallas, TX",32.822716,-96.767043,Snuffers,32.83104832275322,-96.77003692612982,New American Restaurant
"Lower Greenville , Dallas, TX",32.822716,-96.767043,Company Cafe,32.815011,-96.77002,Café
"Lower Greenville , Dallas, TX",32.822716,-96.767043,Society Bakery,32.82974928587482,-96.7700390092962,Cupcake Shop
"Lower Greenville , Dallas, TX",32.822716,-96.767043,Crowbar Cardio,32.81728666309672,-96.76974534988402,Gym / Fitness Center
"Lower Greenville , Dallas, TX",32.822716,-96.767043,Pizzeria Testa,32.830617,-96.770363,Pizza Place
"Lower Greenville , Dallas, TX",32.822716,-96.767043,"Dude, Sweet Chocolate",32.814269557159015,-96.77037778664608,Chocolate Shop
"Lower Greenville , Dallas, TX",32.822716,-96.767043,Aw Shucks,32.83095709325037,-96.77020334867872,Seafood Restaurant
"Lower Greenville , Dallas, TX",32.822716,-96.767043,Corner Stop,32.816644000000004,-96.770584,Wine Shop
"Lower Greenville , Dallas, TX",32.822716,-96.767043,The Girls Room,32.81426821467528,-96.77041328855644,Dance Studio
"Lower Greenville , Dallas, TX",32.822716,-96.767043,Sevan G&G Cafe,32.81676304439405,-96.77039195726863,Mediterranean Restaurant
"Lower Greenville , Dallas, TX",32.822716,-96.767043,Melios Bros. Char Bar,32.81464531770973,-96.76992260778762,Steakhouse
"Lower Greenville , Dallas, TX",32.822716,-96.767043,Gung Ho,32.81431561933116,-96.77014201913926,Chinese Restaurant
"Lower Greenville , Dallas, TX",32.822716,-96.767043,HG Sply Co.,32.81424284044321,-96.77015680680626,New American Restaurant
"Lower Greenville , Dallas, TX",32.822716,-96.767043,Tacos Y Mas,32.82371298374109,-96.7701506390434,Taco Place
"Lower Greenville , Dallas, TX",32.822716,-96.767043,Sam’s Club Now,32.816699,-96.769459,Warehouse Store
"Lower Greenville , Dallas, TX",32.822716,-96.767043,Slater's 50/50,32.8232899,-96.7704079,Burger Joint
"Lower Greenville , Dallas, TX",32.822716,-96.767043,Teppo Yakitori & Sushi Bar,32.81444145184614,-96.77001052179706,Sushi Restaurant
"Lower Greenville , Dallas, TX",32.822716,-96.767043,Izmir Deli,32.83119781069038,-96.77032288454022,Middle Eastern Restaurant
"Lower Greenville , Dallas, TX",32.822716,-96.767043,Bluefish Sushi,32.830415,-96.770334,Sushi Restaurant
"Lower Greenville , Dallas, TX",32.822716,-96.767043,Voodoo Chile,32.815611,-96.770455,Arts & Crafts Store
"Lower Greenville , Dallas, TX",32.822716,-96.767043,504 Bar & Grill,32.8158969862875,-96.77051105585284,Gastropub
"Lower Greenville , Dallas, TX",32.822716,-96.767043,Joy Macarons,32.81435622925992,-96.77026722435562,Dessert Shop
"Lower Greenville , Dallas, TX",32.822716,-96.767043,Buffalo Exchange,32.82959835428056,-96.7700604485423,Clothing Store
"Lower Greenville , Dallas, TX",32.822716,-96.767043,Dodie's Reef,32.8233342,-96.77036391,Cajun / Creole Restaurant
"Lower Greenville , Dallas, TX",32.822716,-96.767043,Hinodeya Ramen Bar,32.815182,-96.770772,Ramen Restaurant
"Lower Greenville , Dallas, TX",32.822716,-96.767043,Muscle Maker Grill,32.81672696060278,-96.77015645035102,Restaurant
"Lower Greenville , Dallas, TX",32.822716,-96.767043,7-Eleven,32.8155809069508,-96.7698462121734,Convenience Store
"Lower Greenville , Dallas, TX",32.822716,-96.767043,SUBWAY,32.81596008869389,-96.7706687345077,Sandwich Place
"Lower Greenville , Dallas, TX",32.822716,-96.767043,Simply Fondue,32.81515366776727,-96.77000592533655,Fondue Restaurant
"Lower Greenville , Dallas, TX",32.822716,-96.767043,Tacos Mariachi,32.814518,-96.7699,Taco Place
"Lower Greenville , Dallas, TX",32.822716,-96.767043,The Beagle - Greenville Ave,32.81594352785729,-96.77048640532709,Cajun / Creole Restaurant
"Lower Greenville , Dallas, TX",32.822716,-96.767043,Val's Cheesecake,32.823654,-96.769955,Dessert Shop
"Lower Greenville , Dallas, TX",32.822716,-96.767043,Top Pot Doughnuts,32.82434981384064,-96.77037884904988,Donut Shop
"Lower Greenville , Dallas, TX",32.822716,-96.767043,Shell,32.817067899951915,-96.77055731607548,Gas Station
"Lower Greenville , Dallas, TX",32.822716,-96.767043,Betty's Best Around Chinese Restaurant,32.83123007847272,-96.77033745540682,Chinese Restaurant
"Lower Greenville , Dallas, TX",32.822716,-96.767043,AvenueBarket,32.82966613769531,-96.76990509033203,Pet Store
"Lower Greenville , Dallas, TX",32.822716,-96.767043,Snuffer's - Artopia Box,32.83093,-96.769807,American Restaurant
"Lower Greenville , Dallas, TX",32.822716,-96.767043,Thai Oriental Food Store,32.814803999999995,-96.77167,Grocery Store
"Lakewood, Dallas, TX",32.83959,-96.733025,Lakewood Park,32.8317454902828,-96.73524267918559,Park
"Lakewood, Dallas, TX",32.83959,-96.733025,SoPac Trail,32.839981,-96.737615,Trail
"Lakewood, Dallas, TX",32.83959,-96.733025,Mt Vernon Bowling,32.835448,-96.72786,Bowling Alley
"Lakewood, Dallas, TX",32.83959,-96.733025,The Harbor Boardwalk,32.84681239872765,-96.73587504672872,Harbor / Marina
"Lakewood, Dallas, TX",32.83959,-96.733025,Crappie Spot,32.831655,-96.731981,Fishing Spot
"Lakewood, Dallas, TX",32.83959,-96.733025,Yummylicious,32.84035212927654,-96.74326316977019,Ice Cream Shop
"Lakewood, Dallas, TX",32.83959,-96.733025,Oliver Pecker's,32.840391,-96.743323,Lounge
"Lakewood, Dallas, TX",32.83959,-96.733025,Bottled Penny Shelf,32.84045513472516,-96.74344132044021,Art Gallery
"North Buckhead , Atlanta, GA",33.85388,-84.364532,AMC Phipps Plaza 14,33.85273825701329,-84.36274224470112,Movie Theater
"North Buckhead , Atlanta, GA",33.85388,-84.364532,Coach,33.85271763498875,-84.36230672758823,Accessories Store
"North Buckhead , Atlanta, GA",33.85388,-84.364532,Nordstrom,33.8531338,-84.3613433,Women's Store
"North Buckhead , Atlanta, GA",33.85388,-84.364532,Phipps Plaza,33.8527857,-84.362043,Shopping Mall
"North Buckhead , Atlanta, GA",33.85388,-84.364532,Lilly Pulitzer,33.85303148948626,-84.36251352183668,Boutique
"North Buckhead , Atlanta, GA",33.85388,-84.364532,Sur La Table,33.85302796902887,-84.36280495245252,Kitchen Supply Store
"North Buckhead , Atlanta, GA",33.85388,-84.364532,Louis Vuitton,33.85235962768783,-84.36160594517533,Boutique
"North Buckhead , Atlanta, GA",33.85388,-84.364532,New York Prime Steakhouse,33.85159199900565,-84.36439482949268,Steakhouse
"North Buckhead , Atlanta, GA",33.85388,-84.364532,Saks Fifth Avenue,33.85188840114271,-84.36228283354119,Department Store
"North Buckhead , Atlanta, GA",33.85388,-84.364532,St. Cecilia,33.85107104271073,-84.36100019853922,Italian Restaurant
"North Buckhead , Atlanta, GA",33.85388,-84.364532,INTIMACY {bra fit stylists},33.85302131159412,-84.36259979657267,Lingerie Store
"North Buckhead , Atlanta, GA",33.85388,-84.364532,AC Hotel by Marriott Atlanta Buckhead at Phipps Plaza,33.854178895859086,-84.36033368110657,Hotel
"North Buckhead , Atlanta, GA",33.85388,-84.364532,Peachtree Roadrace Start,33.8496835553922,-84.36277070902227,Athletics & Sports
"North Buckhead , Atlanta, GA",33.85388,-84.364532,Tiffany & Co.,33.852818,-84.3619724,Jewelry Store
"North Buckhead , Atlanta, GA",33.85388,-84.364532,Davio's,33.85280807114942,-84.36286997227398,Italian Restaurant
"North Buckhead , Atlanta, GA",33.85388,-84.364532,The Tavern At Phipps,33.85175653600814,-84.36164388133115,American Restaurant
"North Buckhead , Atlanta, GA",33.85388,-84.364532,The Container Store,33.853316059586426,-84.35858970358146,Furniture / Home Store
"North Buckhead , Atlanta, GA",33.85388,-84.364532,Rock's Chicken & Fries,33.85311170876838,-84.36297412147266,Fried Chicken Joint
"North Buckhead , Atlanta, GA",33.85388,-84.364532,Pirch Atlanta,33.85175,-84.3604359,Electronics Store
"North Buckhead , Atlanta, GA",33.85388,-84.364532,The Cheesecake Factory,33.848161817304316,-84.3628412643705,American Restaurant
"North Buckhead , Atlanta, GA",33.85388,-84.364532,True Food Kitchen,33.847687,-84.363843,New American Restaurant
"North Buckhead , Atlanta, GA",33.85388,-84.364532,The Westin Buckhead Atlanta,33.8484282,-84.3651962,Hotel
"North Buckhead , Atlanta, GA",33.85388,-84.364532,Suitsupply,33.84739857410877,-84.36500082285498,Men's Store
"North Buckhead , Atlanta, GA",33.85388,-84.364532,Tomo Japanese Restaurant,33.8546354089527,-84.35853858555082,Japanese Restaurant
"North Buckhead , Atlanta, GA",33.85388,-84.364532,Olansky Dermatology Associates,33.84862166292299,-84.36610672983306,Doctor's Office
"North Buckhead , Atlanta, GA",33.85388,-84.364532,Cost Plus World Market,33.851054,-84.370815,Furniture / Home Store
"North Buckhead , Atlanta, GA",33.85388,-84.364532,Del Frisco's Grille,33.8489524,-84.3664042,Steakhouse
"North Buckhead , Atlanta, GA",33.85388,-84.364532,Little Alley Steakhouse,33.852079,-84.366333,Steakhouse
"North Buckhead , Atlanta, GA",33.85388,-84.364532,Zinburger Wine & Burger Bar,33.84795520354199,-84.36396473297262,Burger Joint
"North Buckhead , Atlanta, GA",33.85388,-84.364532,Eminence Nail & Spa,33.84987442443574,-84.37065134517364,Cosmetics Shop
"North Buckhead , Atlanta, GA",33.85388,-84.364532,Macy's,33.8483786,-84.3624185,Department Store
"North Buckhead , Atlanta, GA",33.85388,-84.364532,Lenox Marketplace,33.85181563046263,-84.35936252717937,Shopping Mall
"North Buckhead , Atlanta, GA",33.85388,-84.364532,DSW Designer Shoe Warehouse,33.8505302349999,-84.37025249004364,Shoe Store
"North Buckhead , Atlanta, GA",33.85388,-84.364532,Seven Lamps,33.84710326642581,-84.3652909162461,American Restaurant
"North Buckhead , Atlanta, GA",33.85388,-84.364532,Bucket Shop Café,33.84934858516893,-84.3608508622717,Pub
"North Buckhead , Atlanta, GA",33.85388,-84.364532,Path 400,33.85169338288346,-84.37013836860142,Trail
"North Buckhead , Atlanta, GA",33.85388,-84.364532,South City Kitchen,33.84725813106263,-84.367953874555,Southern / Soul Food Restaurant
"North Buckhead , Atlanta, GA",33.85388,-84.364532,DICK'S Sporting Goods,33.85272051503079,-84.35973656075606,Sporting Goods Shop
"North Buckhead , Atlanta, GA",33.85388,-84.364532,Godiva Chocolatier,33.8468464,-84.3622856,Chocolate Shop
"North Buckhead , Atlanta, GA",33.85388,-84.364532,Maggiano's Little Italy,33.84834525,-84.36741122,Italian Restaurant
"North Buckhead , Atlanta, GA",33.85388,-84.364532,Marriott Concierge Lounge - Buckhead,33.84829233285527,-84.35971165627566,Hotel Bar
"North Buckhead , Atlanta, GA",33.85388,-84.364532,Swank,33.84703193300273,-84.36559345403668,Women's Store
"North Buckhead , Atlanta, GA",33.85388,-84.364532,Massage Envy - Buckhead,33.84982179286443,-84.37014296116104,Spa
"North Buckhead , Atlanta, GA",33.85388,-84.364532,Forum Athletic Club,33.84669515876004,-84.36176989792828,Gym
"North Buckhead , Atlanta, GA",33.85388,-84.364532,Maggiano's Little Italy,33.849696900679895,-84.36936323086303,Italian Restaurant
"North Buckhead , Atlanta, GA",33.85388,-84.364532,Target,33.85176694603516,-84.35881784865116,Big Box Store
"North Buckhead , Atlanta, GA",33.85388,-84.364532,Dantanna's,33.847588309278535,-84.36469871770657,Bar
"North Buckhead , Atlanta, GA",33.85388,-84.364532,J.Crew,33.8471739,-84.3622982,Clothing Store
"North Buckhead , Atlanta, GA",33.85388,-84.364532,The Palm Atlanta,33.848172364835605,-84.36523674932465,Steakhouse
"North Buckhead , Atlanta, GA",33.85388,-84.364532,Publix,33.851034830733646,-84.35976471677975,Grocery Store
"North Buckhead , Atlanta, GA",33.85388,-84.364532,Flower Child,33.84661240292865,-84.36527720743834,Salad Place
"North Buckhead , Atlanta, GA",33.85388,-84.364532,Buckhead Cigar Club,33.847443433224605,-84.36505705246297,Smoke Shop
"North Buckhead , Atlanta, GA",33.85388,-84.364532,Lenox Square,33.8467226,-84.3637487,Shopping Mall
"North Buckhead , Atlanta, GA",33.85388,-84.364532,LA Fitness,33.851952430627406,-84.36017049662972,Gym
"North Buckhead , Atlanta, GA",33.85388,-84.364532,Bath & Body Works,33.84623,-84.362217,Cosmetics Shop
"North Buckhead , Atlanta, GA",33.85388,-84.364532,Victoria's Secret,33.84639918894573,-84.36179190522851,Lingerie Store
"North Buckhead , Atlanta, GA",33.85388,-84.364532,Nordstrom Rack,33.8501763,-84.3700932,Clothing Store
"North Buckhead , Atlanta, GA",33.85388,-84.364532,lululemon athletica,33.84579443999948,-84.36509908110162,Clothing Store
"North Buckhead , Atlanta, GA",33.85388,-84.364532,Nova Sushi,33.85272938766318,-84.3583868776567,Sushi Restaurant
"North Buckhead , Atlanta, GA",33.85388,-84.364532,Bistro Niko,33.84654832641648,-84.36867751315688,French Restaurant
"North Buckhead , Atlanta, GA",33.85388,-84.364532,Ulta Beauty - Curbside Pickup Only,33.8495849,-84.370297,Cosmetics Shop
"North Buckhead , Atlanta, GA",33.85388,-84.364532,InterContinental Buckhead Atlanta,33.8456001,-84.3677683,Hotel
"North Buckhead , Atlanta, GA",33.85388,-84.364532,Topshop,33.84634650309228,-84.36178672775542,Women's Store
"North Buckhead , Atlanta, GA",33.85388,-84.364532,Garrett Popcorn Shops - Atlanta,33.845604278612484,-84.36141581124461,Snack Place
"North Buckhead , Atlanta, GA",33.85388,-84.364532,Neiman Marcus,33.84625742906674,-84.36387354249905,Department Store
"North Buckhead , Atlanta, GA",33.85388,-84.364532,Kiehl's,33.8465719,-84.3625141,Cosmetics Shop
"North Buckhead , Atlanta, GA",33.85388,-84.364532,T.J. Maxx,33.8509842,-84.370721,Department Store
"North Buckhead , Atlanta, GA",33.85388,-84.364532,David Yurman,33.846693,-84.362515,Jewelry Store
"North Buckhead , Atlanta, GA",33.85388,-84.364532,SEPHORA,33.84635852408021,-84.36241090541841,Cosmetics Shop
"North Buckhead , Atlanta, GA",33.85388,-84.364532,Five Guys,33.8466782189902,-84.36241708014579,Burger Joint
"North Buckhead , Atlanta, GA",33.85388,-84.364532,Corner Bakery Cafe,33.847931693391544,-84.36324975040895,Bakery
"North Buckhead , Atlanta, GA",33.85388,-84.364532,Bloomingdale's,33.8451945,-84.3623332,Department Store
"North Buckhead , Atlanta, GA",33.85388,-84.364532,Henri Bendel,33.84610620476912,-84.36194828803792,Accessories Store
"North Buckhead , Atlanta, GA",33.85388,-84.364532,Paper Source -Shops Around Lenox,33.8460428435126,-84.3652193751788,Gift Shop
"North Buckhead , Atlanta, GA",33.85388,-84.364532,SoulCycle Buckhead,33.84615441080076,-84.36506789954787,Cycle Studio
"North Buckhead , Atlanta, GA",33.85388,-84.364532,Roots Juices,33.84617991694426,-84.3651424803675,Juice Bar
"North Buckhead , Atlanta, GA",33.85388,-84.364532,Bhojanic,33.84616592831564,-84.36513869578853,Indian Restaurant
"North Buckhead , Atlanta, GA",33.85388,-84.364532,Zara,33.84673815222633,-84.36325161866154,Clothing Store
"North Buckhead , Atlanta, GA",33.85388,-84.364532,Highland Bakery,33.847773207566995,-84.36677716871772,Bakery
"North Buckhead , Atlanta, GA",33.85388,-84.364532,Macaron Queen,33.845861147401,-84.36170697212218,Bakery
"North Buckhead , Atlanta, GA",33.85388,-84.364532,Auntie Anne's,33.8456214038436,-84.36153153153873,Snack Place
"North Buckhead , Atlanta, GA",33.85388,-84.364532,California Pizza Kitchen,33.845605,-84.361427,Pizza Place
"North Buckhead , Atlanta, GA",33.85388,-84.364532,Outback Steakhouse,33.84941864013672,-84.36493682861328,Steakhouse
"North Buckhead , Atlanta, GA",33.85388,-84.364532,Crate & Barrel,33.845747,-84.364854,Furniture / Home Store
"North Buckhead , Atlanta, GA",33.85388,-84.364532,Victoria's Secret PINK,33.84630576489631,-84.36191820770406,Lingerie Store
"North Buckhead , Atlanta, GA",33.85388,-84.364532,City Club of Buckhead Athletic Club and Spa,33.84761599326189,-84.36684875488292,Gym / Fitness Center
"North Buckhead , Atlanta, GA",33.85388,-84.364532,Whiskey Blue,33.847780201438965,-84.36627826706528,Whisky Bar
"North Buckhead , Atlanta, GA",33.85388,-84.364532,Bourbon Bar,33.8456428762196,-84.36860340134888,Hotel Bar
"North Buckhead , Atlanta, GA",33.85388,-84.364532,Williams-Sonoma,33.846100518196415,-84.3621256313193,Kitchen Supply Store
"North Buckhead , Atlanta, GA",33.85388,-84.364532,Westin Buckhead Club Lounge,33.848660818148026,-84.36519422534278,Breakfast Spot
"North Buckhead , Atlanta, GA",33.85388,-84.364532,Saks Off 5th,33.85104739,-84.37071627,Department Store
"North Buckhead , Atlanta, GA",33.85388,-84.364532,Brooks Brothers,33.84673409284751,-84.36272464247271,Clothing Store
"North Buckhead , Atlanta, GA",33.85388,-84.364532,Louis Vuitton Atlanta Lenox Square,33.8463943,-84.3629877,Leather Goods Store
"North Buckhead , Atlanta, GA",33.85388,-84.364532,Apple Lenox Square,33.8472004,-84.3629601,Electronics Store
"North Buckhead , Atlanta, GA",33.85388,-84.364532,W Atlanta - Buckhead,33.84778053432818,-84.36623734429304,Hotel
"North Buckhead , Atlanta, GA",33.85388,-84.364532,W Hotel Living Room,33.84803331583429,-84.36621247123061,Hotel Bar
"North Buckhead , Atlanta, GA",33.85388,-84.364532,f2o - Fresh to Order,33.84702566768279,-84.3679682208839,Sandwich Place
"North Buckhead , Atlanta, GA",33.85388,-84.364532,Starbucks,33.851932525634766,-84.3671875,Coffee Shop
"North Buckhead , Atlanta, GA",33.85388,-84.364532,American Eagle Store,33.846335,-84.3635778,Clothing Store
"North Buckhead , Atlanta, GA",33.85388,-84.364532,Amorino,33.846368324256936,-84.36215962859528,Ice Cream Shop
"Central Boulder , Boulder, CO ",40.020803,-105.290932,Mount Sanitas,40.02076298471551,-105.2943142062153,Trail
"Central Boulder , Boulder, CO ",40.020803,-105.290932,Spruce Confections,40.016854332109894,-105.2853940657887,Bakery
"Central Boulder , Boulder, CO ",40.020803,-105.290932,Centennial Trailhead,40.02010921321899,-105.29778030313713,Trail
"Central Boulder , Boulder, CO ",40.020803,-105.290932,"Piece, Love, & Chocolate",40.01703783757907,-105.28470171172762,Dessert Shop
"Central Boulder , Boulder, CO ",40.020803,-105.290932,The Bitter Bar,40.016143331181546,-105.28414341940532,Cocktail Bar
"Central Boulder , Boulder, CO ",40.020803,-105.290932,Jax Fish House Boulder,40.01718366417108,-105.28311397106064,Seafood Restaurant
"Central Boulder , Boulder, CO ",40.020803,-105.290932,Two Hands Paperie,40.01698345387724,-105.28478552230709,Arts & Crafts Store
"Central Boulder , Boulder, CO ",40.020803,-105.290932,Sherpa's Adventure Restaurant & Bar,40.016148453327986,-105.28437664308234,Indian Restaurant
"Central Boulder , Boulder, CO ",40.020803,-105.290932,Next Door Boulder,40.017761,-105.281928,New American Restaurant
"Central Boulder , Boulder, CO ",40.020803,-105.290932,St Julien Hotel & Spa,40.0158485,-105.2828591,Hotel
"Central Boulder , Boulder, CO ",40.020803,-105.290932,Settler's Park,40.01409757203347,-105.29539037268398,Park
"Central Boulder , Boulder, CO ",40.020803,-105.290932,The Kitchen Boulder,40.017828,-105.281764,American Restaurant
"Central Boulder , Boulder, CO ",40.020803,-105.290932,Boulder Bookstore,40.01774327539945,-105.28108221268226,Bookstore
"Central Boulder , Boulder, CO ",40.020803,-105.290932,The Kitchen Upstairs,40.01764483973814,-105.28161125723393,Lounge
"Central Boulder , Boulder, CO ",40.020803,-105.290932,Brasserie Ten Ten,40.01638269704614,-105.2821078787918,French Restaurant
"Central Boulder , Boulder, CO ",40.020803,-105.290932,Eben G. Fine Park,40.013084907488505,-105.29531453423364,Park
"Central Boulder , Boulder, CO ",40.020803,-105.290932,Lolita's Market & Deli,40.01672534468782,-105.28498160175265,Grocery Store
"Central Boulder , Boulder, CO ",40.020803,-105.290932,Zoe Ma Ma,40.017559087903095,-105.28260080557371,Chinese Restaurant
"Central Boulder , Boulder, CO ",40.020803,-105.290932,Sweet Cow,40.02482390603578,-105.28118644202996,Ice Cream Shop
"Central Boulder , Boulder, CO ",40.020803,-105.290932,Wonder,40.017236995411125,-105.28281002775044,Juice Bar
"Central Boulder , Boulder, CO ",40.020803,-105.290932,Nick and Willy's Take And Bake Pizza,40.016958500975896,-105.28491638240776,Pizza Place
"Central Boulder , Boulder, CO ",40.020803,-105.290932,Alpine Modern,40.01746367195385,-105.28169507378084,Gift Shop
"Central Boulder , Boulder, CO ",40.020803,-105.290932,Boulder Canyon,40.01496934384967,-105.28326526245611,Trail
"Central Boulder , Boulder, CO ",40.020803,-105.290932,North Boulder Park,40.02848389301053,-105.28682622441264,Park
"Central Boulder , Boulder, CO ",40.020803,-105.290932,West End Tavern,40.01712244152959,-105.28323182961839,Bar
"Central Boulder , Boulder, CO ",40.020803,-105.290932,Jill's Restaurant & Bistro,40.016115716367366,-105.28280340104622,American Restaurant
"Central Boulder , Boulder, CO ",40.020803,-105.290932,Ozo Coffee,40.01758582814485,-105.28218651736812,Coffee Shop
"Central Boulder , Boulder, CO ",40.020803,-105.290932,SALT the Bistro,40.01774612125105,-105.2814142330888,New American Restaurant
"Central Boulder , Boulder, CO ",40.020803,-105.290932,Centro Latin Kitchen & Refreshment Palace,40.01733050172573,-105.28242479870603,Latin American Restaurant
"Central Boulder , Boulder, CO ",40.020803,-105.290932,Flower Pepper,40.024981745363235,-105.28203453272438,Chinese Restaurant
"Central Boulder , Boulder, CO ",40.020803,-105.290932,Amu,40.019069528386595,-105.27979687975254,Japanese Restaurant
"Central Boulder , Boulder, CO ",40.020803,-105.290932,Japango,40.0176872,-105.2803909,Sushi Restaurant
"Central Boulder , Boulder, CO ",40.020803,-105.290932,Riffs Urban Fare,40.01782671722367,-105.28087678265715,Tapas Restaurant
"Central Boulder , Boulder, CO ",40.020803,-105.290932,ZEAL Optics,40.018688,-105.27986100000001,Sporting Goods Shop
"Central Boulder , Boulder, CO ",40.020803,-105.290932,Fuji Cafe and Bar,40.018371709954366,-105.28008105729785,Asian Restaurant
"Central Boulder , Boulder, CO ",40.020803,-105.290932,Audrey Jane's Pizza Garage,40.024991,-105.28095400000001,Pizza Place
"Central Boulder , Boulder, CO ",40.020803,-105.290932,Red Rocks,40.017229330321484,-105.29683113098145,Scenic Lookout
"Central Boulder , Boulder, CO ",40.020803,-105.290932,Topo Designs,40.01744166078997,-105.28299601987425,Clothing Store
"Central Boulder , Boulder, CO ",40.020803,-105.290932,The Mediterranean,40.01621224687186,-105.28200434259168,Mediterranean Restaurant
"Central Boulder , Boulder, CO ",40.020803,-105.290932,bartaco Boulder,40.0171028,-105.2821569,Taco Place
"Central Boulder , Boulder, CO ",40.020803,-105.290932,Sushi Zanmai,40.01906707165122,-105.27973765789231,Sushi Restaurant
"Central Boulder , Boulder, CO ",40.020803,-105.290932,Corrida,40.016714003645724,-105.2818182764857,Spanish Restaurant
"Central Boulder , Boulder, CO ",40.020803,-105.290932,Boulder Chophouse & Tavern,40.01636651506545,-105.28256120708376,Steakhouse
"Central Boulder , Boulder, CO ",40.020803,-105.290932,Tahona Tequila Bistro,40.01755594794893,-105.28186367881327,Mexican Restaurant
"Central Boulder , Boulder, CO ",40.020803,-105.290932,prAna Boulder,40.017961837916914,-105.28007827887917,Clothing Store
"Central Boulder , Boulder, CO ",40.020803,-105.290932,Boulder Wine Merchant,40.025326544951035,-105.28118111699489,Wine Shop
"Central Boulder , Boulder, CO ",40.020803,-105.290932,Ben & Jerry's,40.0180426,-105.2798485,Ice Cream Shop
"Central Boulder , Boulder, CO ",40.020803,-105.290932,Trident Booksellers & Cafe,40.017167014198876,-105.28299778123579,Bookstore
"Central Boulder , Boulder, CO ",40.020803,-105.290932,West Flanders Brewing Company,40.017857622516395,-105.28056308248284,Pub
"Central Boulder , Boulder, CO ",40.020803,-105.290932,Oskar Blues Boulder Taproom,40.017279727780476,-105.28315726999587,Bar
"Central Boulder , Boulder, CO ",40.020803,-105.290932,Rosetta Hall,40.016776,-105.280607,Food Court
"Central Boulder , Boulder, CO ",40.020803,-105.290932,Moe's Broadway Bagels,40.02508846869173,-105.28106253699754,Bagel Shop
"Central Boulder , Boulder, CO ",40.020803,-105.290932,The Hungry Toad,40.02439239921055,-105.28225319324643,American Restaurant
"Central Boulder , Boulder, CO ",40.020803,-105.290932,Lindsay's Boulder Deli,40.017683807510664,-105.27999574041857,Deli / Bodega
"Central Boulder , Boulder, CO ",40.020803,-105.290932,Rio Grande,40.01681540243732,-105.28087765767214,Mexican Restaurant
"Central Boulder , Boulder, CO ",40.020803,-105.290932,Beleza Coffee Bar,40.02506,-105.28084,Coffee Shop
"Central Boulder , Boulder, CO ",40.020803,-105.290932,U.S. Bank ATM,40.024173736572266,-105.28157043457031,ATM
"Central Boulder , Boulder, CO ",40.020803,-105.290932,Pekoe Sip House,40.0256423,-105.2815833,Café
"Central Boulder , Boulder, CO ",40.020803,-105.290932,KT's BBQ,40.02522311505003,-105.28079029997004,BBQ Joint
"Central Boulder , Boulder, CO ",40.020803,-105.290932,Pharmaca Integrative Pharmacy,40.026032893936495,-105.28166190147766,Pharmacy
"Central Boulder , Boulder, CO ",40.020803,-105.290932,Boulder Plastic Surgery & IV Seasons Skin Care,40.022574,-105.29205,Doctor's Office
"Central Boulder , Boulder, CO ",40.020803,-105.290932,Sanitas Valley Trail,40.020912488559496,-105.29502300945761,Trail
"Central Boulder , Boulder, CO ",40.020803,-105.290932,Noodles & Company,40.02600118712439,-105.28135875112406,Noodle House
"Central Boulder , Boulder, CO ",40.020803,-105.290932,Red Rocks Trailhead,40.017325323594896,-105.29627485469543,Trail
"Central Boulder , Boulder, CO ",40.020803,-105.290932,Sunshine Canyon Trail,40.01967704181133,-105.29807547024951,Trail
"Central Boulder , Boulder, CO ",40.020803,-105.290932,Breadworks Bakery & Cafe,40.0249165733859,-105.28117188242692,Bakery
"Central Boulder , Boulder, CO ",40.020803,-105.290932,Betasso Preserve,40.01510249290965,-105.29347965136604,Trail
"Central Boulder , Boulder, CO ",40.020803,-105.290932,Boulder Creek Tubing,40.013240623126244,-105.29610908470269,Park
"Central Boulder , Boulder, CO ",40.020803,-105.290932,Fleet Feet,40.024991,-105.28095400000001,Sporting Goods Shop
"River North Art District, Denver, CO",39.767569,-104.982347,Safta,39.768726569999146,-104.98040095111749,Restaurant
"River North Art District, Denver, CO",39.767569,-104.982347,Smök,39.76864074236227,-104.98036214772355,BBQ Joint
"River North Art District, Denver, CO",39.767569,-104.982347,The Source,39.76871828787949,-104.97969680651127,Food & Drink Shop
"River North Art District, Denver, CO",39.767569,-104.982347,Acorn,39.76870728671598,-104.97970860302662,New American Restaurant
"River North Art District, Denver, CO",39.767569,-104.982347,The Woods,39.76870899980972,-104.98067157548482,Roof Deck
"River North Art District, Denver, CO",39.767569,-104.982347,Crooked Stave @ The Source,39.76865265956262,-104.97953149358591,Brewery
"River North Art District, Denver, CO",39.767569,-104.982347,Great Divide Barrel Bar,39.770444062637466,-104.97898669556828,Brewery
"River North Art District, Denver, CO",39.767569,-104.982347,Blue Sparrow Coffee,39.76433329123778,-104.98118695143697,Coffee Shop
"River North Art District, Denver, CO",39.767569,-104.982347,Mondo Market,39.768656059210116,-104.97952085065222,Gourmet Shop
"River North Art District, Denver, CO",39.767569,-104.982347,Mockery Brewing,39.7712600335445,-104.97979997959418,Brewery
"River North Art District, Denver, CO",39.767569,-104.982347,LoDo Massage Studio,39.76414950083872,-104.98035483348181,Massage Studio
"River North Art District, Denver, CO",39.767569,-104.982347,Mister Tuna,39.76545114841988,-104.98553758730444,Seafood Restaurant
"River North Art District, Denver, CO",39.767569,-104.982347,Epic Brewing Denver,39.7632095733191,-104.98139352281294,Brewery
"River North Art District, Denver, CO",39.767569,-104.982347,Rackhouse Pub,39.7628847963561,-104.9839133299644,Gastropub
"River North Art District, Denver, CO",39.767569,-104.982347,Zeppelin Station,39.769275634053436,-104.97723740124131,Food Court
"River North Art District, Denver, CO",39.767569,-104.982347,Bierstadt Lagerhaus,39.7628710231794,-104.98375882408062,Brewery
"River North Art District, Denver, CO",39.767569,-104.982347,Walnut Room,39.764639,-104.979803,Pizza Place
"River North Art District, Denver, CO",39.767569,-104.982347,Odell Brewing - Denver,39.76219001022973,-104.98096433550047,Bar
"River North Art District, Denver, CO",39.767569,-104.982347,C Squared Ciders,39.76288326365565,-104.9837471327889,Brewery
"River North Art District, Denver, CO",39.767569,-104.982347,Dio Mio,39.764905975588725,-104.97691253899613,Italian Restaurant
"River North Art District, Denver, CO",39.767569,-104.982347,Finn's Manor,39.761850057993875,-104.98157350395357,Bar
"River North Art District, Denver, CO",39.767569,-104.982347,The Preservery,39.76420020470792,-104.98130922287929,Food & Drink Shop
"River North Art District, Denver, CO",39.767569,-104.982347,Improper City,39.765099674387386,-104.97896805723882,Beer Garden
"River North Art District, Denver, CO",39.767569,-104.982347,"Closely, Inc.",39.77227104,-104.98367406,Tech Startup
"River North Art District, Denver, CO",39.767569,-104.982347,Ratio Beerworks,39.76151168566864,-104.98129201090717,Brewery
"River North Art District, Denver, CO",39.767569,-104.982347,Ironton Distillery,39.772365,-104.97838899999999,Cocktail Bar
"River North Art District, Denver, CO",39.767569,-104.982347,Colorado Krav Maga,39.76546418994389,-104.97614257602628,Martial Arts School
"River North Art District, Denver, CO",39.767569,-104.982347,Hop Alley,39.76695863833095,-104.9742803321985,Chinese Restaurant
"River North Art District, Denver, CO",39.767569,-104.982347,Crema,39.76113190874151,-104.9817671916926,Coffee Shop
"River North Art District, Denver, CO",39.767569,-104.982347,Stem Ciders,39.761585910171,-104.98384480723851,Brewery
"River North Art District, Denver, CO",39.767569,-104.982347,CrossFit Verve,39.76767153722019,-104.973826110363,Gym
"River North Art District, Denver, CO",39.767569,-104.982347,Shake Shack,39.76227714707504,-104.98075264622142,Burger Joint
"River North Art District, Denver, CO",39.767569,-104.982347,Bar Helix,39.766391,-104.97473400000001,Bar
"River North Art District, Denver, CO",39.767569,-104.982347,Our Mutual Friend Brewing Company,39.760727003037324,-104.98245873631339,Brewery
"River North Art District, Denver, CO",39.767569,-104.982347,OwlBear BBQ,39.76180201795382,-104.98160958538486,BBQ Joint
"River North Art District, Denver, CO",39.767569,-104.982347,A Taste of the Phillipines,39.76153462888953,-104.98180927140123,Food Truck
"River North Art District, Denver, CO",39.767569,-104.982347,Black Shirt Brewing Co.,39.76978473731408,-104.97282265930069,Brewery
"River North Art District, Denver, CO",39.767569,-104.982347,Call,39.76119232686607,-104.98228056971882,Café
"River North Art District, Denver, CO",39.767569,-104.982347,Justice League Of Street Food,39.77301857587996,-104.98222576017635,Street Food Gathering
"River North Art District, Denver, CO",39.767569,-104.982347,TAXI II,39.77199861412641,-104.9827621864288,Building
"River North Art District, Denver, CO",39.767569,-104.982347,Larimer Lounge,39.760026105288745,-104.98394867387158,Rock Club
"River North Art District, Denver, CO",39.767569,-104.982347,Fusion Factory Warehouse,39.768500125423174,-104.97450880330348,Lounge
"River North Art District, Denver, CO",39.767569,-104.982347,The Denver Central Market,39.7593773,-104.98458608,Market
"River North Art District, Denver, CO",39.767569,-104.982347,Blue Moon Brewing Company @ RiNo District,39.773710034381295,-104.976993527873,Brewery
"River North Art District, Denver, CO",39.767569,-104.982347,Nocturne,39.75960219083815,-104.98455318282825,Jazz Club
"River North Art District, Denver, CO",39.767569,-104.982347,Botanico Wellness,39.76296811484721,-104.9794750563534,Marijuana Dispensary
"River North Art District, Denver, CO",39.767569,-104.982347,Barcelona Wine Bar RiNo,39.761334329900365,-104.98136061794014,Tapas Restaurant
"River North Art District, Denver, CO",39.767569,-104.982347,Livwell Dispensary,39.761228653595396,-104.98194200423714,Marijuana Dispensary
"River North Art District, Denver, CO",39.767569,-104.982347,CorePower Yoga,39.765149,-104.987098,Yoga Studio
"River North Art District, Denver, CO",39.767569,-104.982347,Beckon,39.76112,-104.98229,New American Restaurant
"River North Art District, Denver, CO",39.767569,-104.982347,Izzio Bakery,39.75939459964888,-104.98448854796045,Bakery
"River North Art District, Denver, CO",39.767569,-104.982347,Park Burger RiNo,39.759607597656064,-104.98605495474544,Burger Joint
"River North Art District, Denver, CO",39.767569,-104.982347,10barrel brewing,39.75944455414144,-104.98565154891033,Brewery
"River North Art District, Denver, CO",39.767569,-104.982347,Black Black Coffee,39.77253,-104.983311,Coffee Shop
"River North Art District, Denver, CO",39.767569,-104.982347,High Point Creamery,39.759392222029824,-104.98448253790963,Ice Cream Shop
"River North Art District, Denver, CO",39.767569,-104.982347,Fish N Beer,39.767037734428804,-104.97412324947457,Seafood Restaurant
"River North Art District, Denver, CO",39.767569,-104.982347,First Draft Taproom & Kitchen,39.75894663256005,-104.98538077009707,Bar
"River North Art District, Denver, CO",39.767569,-104.982347,Helikon Gallery,39.771198999999996,-104.976479,Art Gallery
"River North Art District, Denver, CO",39.767569,-104.982347,Bigsby's Folly,39.76985244951937,-104.97629849797917,Wine Bar
"River North Art District, Denver, CO",39.767569,-104.982347,Meadowlark Kitchen,39.75968124974935,-104.9840808493798,Restaurant
"River North Art District, Denver, CO",39.767569,-104.982347,MegaFauna,39.759676430192606,-104.98427788419319,Clothing Store
"River North Art District, Denver, CO",39.767569,-104.982347,Crema Bodega,39.759397007831744,-104.98451016650922,Coffee Shop
"River North Art District, Denver, CO",39.767569,-104.982347,Mestizo-Curtis Park,39.76051181639267,-104.97715379909562,Park
"River North Art District, Denver, CO",39.767569,-104.982347,Natural Grocers,39.77293476781296,-104.97589945793152,Organic Grocery
"River North Art District, Denver, CO",39.767569,-104.982347,Meadowlark,39.759677539739876,-104.98422978731905,Rock Club
"River North Art District, Denver, CO",39.767569,-104.982347,The Matchbox,39.75904220443049,-104.98503579931811,Bar
"River North Art District, Denver, CO",39.767569,-104.982347,Voicebox Karaoke,39.759506758337224,-104.98624763592396,Karaoke Bar
"River North Art District, Denver, CO",39.767569,-104.982347,Rebel Restaurant,39.77236420829145,-104.97485000520864,New American Restaurant
"River North Art District, Denver, CO",39.767569,-104.982347,RiNo Beer Garden,39.77007786785178,-104.97133288103358,Beer Garden
"River North Art District, Denver, CO",39.767569,-104.982347,Butcher Block Cafe,39.77254758573387,-104.97462116098127,Diner
"River North Art District, Denver, CO",39.767569,-104.982347,Patagonia,39.759197,-104.985748,Sporting Goods Shop
"River North Art District, Denver, CO",39.767569,-104.982347,Osaka Ramen,39.75954485668546,-104.98621472291485,Noodle House
"River North Art District, Denver, CO",39.767569,-104.982347,Rhinoceropolis,39.771188531486295,-104.97818732741402,Music Venue
"River North Art District, Denver, CO",39.767569,-104.982347,Welcome Inn,39.774267,-104.97759599999999,Dive Bar
"River North Art District, Denver, CO",39.767569,-104.982347,Family Dollar,39.7642,-104.9728,Discount Store
"River North Art District, Denver, CO",39.767569,-104.982347,Park Avenue Wine & Spirits,39.765330177258086,-104.99363812292003,Liquor Store
"River North Art District, Denver, CO",39.767569,-104.982347,GenFit,39.76792560677278,-104.97316594664116,Athletics & Sports
"River North Art District, Denver, CO",39.767569,-104.982347,Jenny's Market,39.76637298249788,-104.97302332142064,Convenience Store
"River North Art District, Denver, CO",39.767569,-104.982347,RTD Rail - 38th & Blake Station,39.77082613461845,-104.97352469809877,Light Rail Station
"River North Art District, Denver, CO",39.767569,-104.982347,Las Brasas,39.76416778564453,-104.9735336303711,Mexican Restaurant
"River North Art District, Denver, CO",39.767569,-104.982347,Ho-Ho,39.764124610562234,-104.97280653132812,Chinese Restaurant
"River North Art District, Denver, CO",39.767569,-104.982347,Taquitos Jalisco,39.763369,-104.973137,Taco Place
"River North Art District, Denver, CO",39.767569,-104.982347,Zephyr Brewing Co.,39.75951637868177,-104.98636664921226,Brewery
"River North Art District, Denver, CO",39.767569,-104.982347,The Alley,39.77090406685074,-104.99236445655285,Bowling Alley
"The Highlands, Denver, CO",39.763993,-105.011223,American Cultures Kombucha Taproom,39.763083,-105.011332,Tea Room
"The Highlands, Denver, CO",39.763993,-105.011223,Old Major,39.763561838494695,-105.0110773085629,American Restaurant
"The Highlands, Denver, CO",39.763993,-105.011223,Williams & Graham,39.761888247568436,-105.01102656161505,Cocktail Bar
"The Highlands, Denver, CO",39.763993,-105.011223,Postino,39.76150787002384,-105.01067775000756,Italian Restaurant
"The Highlands, Denver, CO",39.763993,-105.011223,Bar Dough,39.76221131075734,-105.01349337115539,Italian Restaurant
"The Highlands, Denver, CO",39.763993,-105.011223,Señor Bear,39.76330794086563,-105.0113618755637,Latin American Restaurant
"The Highlands, Denver, CO",39.763993,-105.011223,Tamales by La Casita,39.76652749982992,-105.01151920695119,Mexican Restaurant
"The Highlands, Denver, CO",39.763993,-105.011223,Highland Tap and Burger,39.76219933669092,-105.01328788553694,Burger Joint
"The Highlands, Denver, CO",39.763993,-105.011223,Recess Beer Garden,39.761645538757136,-105.0103712220484,Beer Garden
"The Highlands, Denver, CO",39.763993,-105.011223,Method Collective,39.762196,-105.011633,Coffee Shop
"The Highlands, Denver, CO",39.763993,-105.011223,Uncle,39.76216490399159,-105.01322150911957,Asian Restaurant
"The Highlands, Denver, CO",39.763993,-105.011223,Lady Jane,39.762196,-105.011633,Cocktail Bar
"The Highlands, Denver, CO",39.763993,-105.011223,"Avanti F&B, a collective eatery",39.762169631034084,-105.0063034411991,Food Court
"The Highlands, Denver, CO",39.763993,-105.011223,Western Daughters Butcher Shop,39.763787416011496,-105.01112340612855,Butcher
"The Highlands, Denver, CO",39.763993,-105.011223,Stir Cooking School,39.76242168808819,-105.01601907818868,Trade School
"The Highlands, Denver, CO",39.763993,-105.011223,Root Down,39.763112041096264,-105.00563419397143,American Restaurant
"The Highlands, Denver, CO",39.763993,-105.011223,Bamboo Sushi,39.76151461846187,-105.01051343937269,Sushi Restaurant
"The Highlands, Denver, CO",39.763993,-105.011223,Little Man Ice Cream,39.75954542123902,-105.01117679477785,Ice Cream Shop
"The Highlands, Denver, CO",39.763993,-105.011223,El Five,39.759196100717645,-105.01130134557133,Tapas Restaurant
"The Highlands, Denver, CO",39.763993,-105.011223,Wooden Spoon,39.761982775620375,-105.0163824105965,Bakery
"The Highlands, Denver, CO",39.763993,-105.011223,Avanti Rooftop,39.762176462804895,-105.00632915348237,Roof Deck
"The Highlands, Denver, CO",39.763993,-105.011223,Duo Restaurant,39.762089549228286,-105.01616927708287,New American Restaurant
"The Highlands, Denver, CO",39.763993,-105.011223,Ash'kara,39.763374,-105.011566,Israeli Restaurant
"The Highlands, Denver, CO",39.763993,-105.011223,Kobe An,39.76457655662942,-105.00517583822418,Japanese Restaurant
"The Highlands, Denver, CO",39.763993,-105.011223,Linger,39.759369875477645,-105.0112145837891,New American Restaurant
"The Highlands, Denver, CO",39.763993,-105.011223,Sushi Ronin,39.75919056395704,-105.01167751209674,Sushi Restaurant
"The Highlands, Denver, CO",39.763993,-105.011223,Mizu,39.759007,-105.010486,Japanese Restaurant
"The Highlands, Denver, CO",39.763993,-105.011223,The Freyja Project,39.765486147461225,-105.011156921454,Yoga Studio
"The Highlands, Denver, CO",39.763993,-105.011223,The Bindery,39.76048534656041,-105.00635446388772,New American Restaurant
"The Highlands, Denver, CO",39.763993,-105.011223,LOLA,39.75921776525998,-105.01082514083446,Mexican Restaurant
"The Highlands, Denver, CO",39.763993,-105.011223,Prost Brewing,39.7614385,-105.0066986,Brewery
"The Highlands, Denver, CO",39.763993,-105.011223,Black Eye Coffee Shop,39.76468112193405,-105.00402538713634,Café
"The Highlands, Denver, CO",39.763993,-105.011223,Ali Baba Grill Highlands,39.762267,-105.013021,Restaurant
"The Highlands, Denver, CO",39.763993,-105.011223,Illegal Pete's,39.7695809633657,-105.00927810285711,Burrito Place
"The Highlands, Denver, CO",39.763993,-105.011223,Lechuga's Italian Restaurant,39.76710603472895,-105.0113207485613,Pizza Place
"The Highlands, Denver, CO",39.763993,-105.011223,CorePower Yoga,39.75988727945794,-105.01612991094589,Yoga Studio
"The Highlands, Denver, CO",39.763993,-105.011223,The Truffle Table,39.75812885138886,-105.01164282658492,Wine Bar
"The Highlands, Denver, CO",39.763993,-105.011223,Ohana Island Kitchen,39.7582776,-105.0113466,Hawaiian Restaurant
"The Highlands, Denver, CO",39.763993,-105.011223,Highland Tavern,39.7645245450757,-105.00392589919537,Bar
"The Highlands, Denver, CO",39.763993,-105.011223,Cask and Craft,39.768832,-105.010998,Beer Store
"The Highlands, Denver, CO",39.763993,-105.011223,Denver Beer Co.,39.75821456866357,-105.00728469146935,Brewery
"The Highlands, Denver, CO",39.763993,-105.011223,LoHi Athletic Club,39.75951085696194,-105.01131441590971,Gym
"The Highlands, Denver, CO",39.763993,-105.011223,Gaetano's,39.769109,-105.01102963,Italian Restaurant
"The Highlands, Denver, CO",39.763993,-105.011223,Ste. Ellie,39.75739989729396,-105.00841579144372,Cocktail Bar
"The Highlands, Denver, CO",39.763993,-105.011223,The Family Jones,39.76286512692749,-105.00542318229813,Cocktail Bar
"The Highlands, Denver, CO",39.763993,-105.011223,Acova,39.76776862932566,-105.00426108894182,Bar
"The Highlands, Denver, CO",39.763993,-105.011223,Metropolis Coffee,39.759018111617884,-105.00871974446335,Coffee Shop
"The Highlands, Denver, CO",39.763993,-105.011223,The High Lonesome,39.76435395608297,-105.00397797034896,Dive Bar
"The Highlands, Denver, CO",39.763993,-105.011223,Symmetry Therapeutic Massage Spa,39.762005075946064,-105.01633580761433,Spa
"The Highlands, Denver, CO",39.763993,-105.011223,The Well Pizza & Bar,39.76237354,-105.01418629,Pizza Place
"The Highlands, Denver, CO",39.763993,-105.011223,Sushi Sasa,39.75670112214983,-105.00936667368005,Sushi Restaurant
"The Highlands, Denver, CO",39.763993,-105.011223,Los Carboncitos,39.769199021747276,-105.00659151577257,Mexican Restaurant
"The Highlands, Denver, CO",39.763993,-105.011223,Colt & Gray,39.757468441981054,-105.00825911618836,American Restaurant
"The Highlands, Denver, CO",39.763993,-105.011223,Menchies,39.7619288029522,-105.02032947949446,Frozen Yogurt Shop
"The Highlands, Denver, CO",39.763993,-105.011223,Red Poppy,39.758250243745785,-105.0124829245759,Hookah Bar
"The Highlands, Denver, CO",39.763993,-105.011223,Park Burger,39.762153,-105.020036,Burger Joint
"The Highlands, Denver, CO",39.763993,-105.011223,Masterpiece Delicatessen,39.7583362629727,-105.00946341183392,Sandwich Place
"The Highlands, Denver, CO",39.763993,-105.011223,Ale House Amatos,39.75857029531395,-105.00906837839881,Beer Garden
"The Highlands, Denver, CO",39.763993,-105.011223,Spuntino,39.762100031838386,-105.01992438465265,Italian Restaurant
"The Highlands, Denver, CO",39.763993,-105.011223,Gallop Cafe,39.762134020953056,-105.01595390117362,Café
"The Highlands, Denver, CO",39.763993,-105.011223,My Brother's Bar,39.75623169184121,-105.00922029546224,Pub
"The Highlands, Denver, CO",39.763993,-105.011223,Proto's Pizza-Denver,39.75679712905078,-105.00893734680209,Pizza Place
"The Highlands, Denver, CO",39.763993,-105.011223,Zuni Street Brewing Company,39.75866024,-105.01532625,Brewery
"The Highlands, Denver, CO",39.763993,-105.011223,Rush Bowls,39.7590521,-105.0086269,American Restaurant
"The Highlands, Denver, CO",39.763993,-105.011223,Habit Carbon,39.757345,-105.008493,Coffee Shop
"The Highlands, Denver, CO",39.763993,-105.011223,Maci Cafe,39.759063176770546,-105.010862489674,Café
"The Highlands, Denver, CO",39.763993,-105.011223,REI,39.755622,-105.009853,Sporting Goods Shop
"The Highlands, Denver, CO",39.763993,-105.011223,City of Cuernavaca Park,39.762416816781176,-105.00104399049856,Park
"The Highlands, Denver, CO",39.763993,-105.011223,Maine Shack,39.758151,-105.009721,Seafood Restaurant
"The Highlands, Denver, CO",39.763993,-105.011223,Sapor Coffee & Concepts,39.756985567336415,-105.01784530648611,Coffee Shop
"The Highlands, Denver, CO",39.763993,-105.011223,Kindness Yoga,39.75722480952117,-105.00877385641678,Yoga Studio
"The Highlands, Denver, CO",39.763993,-105.011223,Inside Scoop Creamery,39.756965711173414,-105.008609749463,Ice Cream Shop
"The Highlands, Denver, CO",39.763993,-105.011223,Denver Poke Company,39.75714835206634,-105.00838893000494,Poke Place
"The Highlands, Denver, CO",39.763993,-105.011223,The Lumber Baron Inn and Gardens,39.76829542303444,-105.01872457220557,Bed & Breakfast
"The Highlands, Denver, CO",39.763993,-105.011223,The Wolf's Tailor,39.772684000000005,-105.010976,Restaurant
"The Highlands, Denver, CO",39.763993,-105.011223,Ergun Tercan European Salon,39.757378,-105.010711,Salon / Barbershop
"The Highlands, Denver, CO",39.763993,-105.011223,Forest Room 5,39.75780582533906,-105.0111734769589,Bar
"The Highlands, Denver, CO",39.763993,-105.011223,Denver Skate Park,39.759445610330985,-105.00265785475801,Skate Park
"The Highlands, Denver, CO",39.763993,-105.011223,Cerveceria Colorado,39.75804383628871,-105.00743107901678,Brewery
"The Highlands, Denver, CO",39.763993,-105.011223,Corks Wine Store,39.75769935733878,-105.0078723353257,Wine Shop
"The Highlands, Denver, CO",39.763993,-105.011223,ProsperOats,39.7579732,-105.0114789,Breakfast Spot
"The Highlands, Denver, CO",39.763993,-105.011223,Platte River Bridge,39.75637754275113,-105.00685424340458,Bridge
"The Highlands, Denver, CO",39.763993,-105.011223,Carbon Cafe & Bar,39.75730718428896,-105.00847757530569,Restaurant
"The Highlands, Denver, CO",39.763993,-105.011223,Savory Spice Shop,39.75701205200202,-105.00863665751727,Gourmet Shop
"The Highlands, Denver, CO",39.763993,-105.011223,House of Commons,39.756846410128205,-105.0087890193987,Tea Room
"The Highlands, Denver, CO",39.763993,-105.011223,Buchi Cafe Cubano,39.769435660622364,-105.02022320400633,Cuban Restaurant
"The Highlands, Denver, CO",39.763993,-105.011223,Habit Doughnut Dispensary,39.75717429643927,-105.00849223326229,Donut Shop
"The Highlands, Denver, CO",39.763993,-105.011223,Just BE,39.75607851820499,-105.00904641049506,Café
"The Highlands, Denver, CO",39.763993,-105.011223,Genesis Fitness,39.75628061297905,-105.00858085063439,Gym
"The Highlands, Denver, CO",39.763993,-105.011223,Platte River Trail,39.75594882538922,-105.00697169152053,Trail
"The Highlands, Denver, CO",39.763993,-105.011223,Pepper Asian Bistro II,39.769106,-105.00198799999998,Asian Restaurant
"The Highlands, Denver, CO",39.763993,-105.011223,7-Eleven,39.7689712,-105.0177768,Convenience Store
"The Highlands, Denver, CO",39.763993,-105.011223,Emage,39.75748371064746,-105.00799087340383,Board Shop
"The Highlands, Denver, CO",39.763993,-105.011223,Taqueria La Familia,39.761826,-105.019874,Mexican Restaurant
"The Highlands, Denver, CO",39.763993,-105.011223,Diebolt Brewing Co.,39.77038136088239,-105.00308866511301,Brewery
"The Highlands, Denver, CO",39.763993,-105.011223,Wilderness Exchange,39.7566355987187,-105.00922889100814,Sporting Goods Shop
"The Highlands, Denver, CO",39.763993,-105.011223,Cherry Bean,39.772826,-105.011316,Coffee Shop
"The Highlands, Denver, CO",39.763993,-105.011223,BriDer,39.75811466608892,-105.0074666853103,Café
"The Highlands, Denver, CO",39.763993,-105.011223,China Dragon,39.76974126006648,-105.00253513440519,Chinese Restaurant
"The Highlands, Denver, CO",39.763993,-105.011223,Pinwheel Coffee,39.76794962650836,-105.00426823627906,Coffee Shop
